{
	"pattrstorage" : 	{
		"name" : "space",
		"slots" : 		{
			"1" : 			{
				"id" : 1,
				"data" : 				{
					"hoaspace" : [ 1.0, 0.0, 0.0, 0.0, 0.0, 0.0, 0.0, 0.0, 0.0, 0.0, 0.0, 0.0, 0.0, 0.0, 0.0, 0.0 ]
				}

			}
,
			"2" : 			{
				"id" : 2,
				"data" : 				{
					"hoaspace" : [ 1.0, 1.0, 1.0, 0.91826, 0.940691, 0.0, 0.0, 0.0, 0.0, 0.0, 0.0, 0.0, 0.968724, 0.980202, 1.0, 1.0 ]
				}

			}
,
			"3" : 			{
				"id" : 3,
				"data" : 				{
					"hoaspace" : [ 0.0, 0.0, 0.733534, 0.0, 0.0, 0.0, 0.0, 1.0, 1.0, 1.0, 0.0, 0.0, 0.0, 0.0, 0.706987, 0.0 ]
				}

			}
,
			"4" : 			{
				"id" : 4,
				"data" : 				{
					"hoaspace" : [ 0.0, 0.0, 0.0, 0.0, 1.0, 0.0, 0.0, 1.0, 0.0, 1.0, 0.0, 0.0, 1.0, 0.0, 0.0, 0.0 ]
				}

			}
,
			"5" : 			{
				"id" : 5,
				"data" : 				{
					"hoaspace" : [ 0.223818, 0.0, 0.382485, 0.0, 0.539554, 0.0, 0.0, 0.682005, 0.0, 0.829942, 0.0, 0.0, 1.0, 0.0, 0.0, 0.0 ]
				}

			}
,
			"6" : 			{
				"id" : 6,
				"data" : 				{
					"hoaspace" : [ 0.0, 0.0, 0.0, 0.0, 0.0, 0.0, 0.0, 0.0, 0.0, 0.0, 0.0, 0.0, 0.0, 0.0, 0.0, 0.0 ]
				}

			}

		}

	}

}
