{
	"pattrstorage" : 	{
		"name" : "jim",
		"slots" : 		{
			"1" : 			{
				"id" : 1,
				"data" : 				{
					"SpaceJim" : [ 1.0, 0.0, 0.0, 0.0, 0.0, 1.0, 1.0, 1.0, 1.0, 0.0, 0.0, 0.0, 0.0, 1.0, 1.0, 1.0 ]
				}

			}
,
			"2" : 			{
				"id" : 2,
				"data" : 				{
					"SpaceJim" : [ 1.0, 1.0, 1.0, 1.0, 1.0, 1.0, 1.0, 1.0, 1.0, 1.0, 1.0, 1.0, 1.0, 0.931839, 0.901957, 0.910403 ]
				}

			}
,
			"3" : 			{
				"id" : 3,
				"data" : 				{
					"SpaceJim" : [ 0.0, 0.0, 0.0, 0.013545, 0.033011, 0.0, 0.0, 0.0, 0.0, 0.0, 0.0, 0.0, 0.0, 0.0, 0.0, 0.0 ]
				}

			}

		}

	}

}
