{
	"pattrstorage" : 	{
		"name" : "testRecomposer",
		"slots" : 		{
			"1" : 			{
				"id" : 1,
				"data" : 				{
					"hoa.recomposer" : [ 1.0, 0.0, 1.0, 0.707107, 0.707107, 1.0, 0.0, 1.0, 1.0, -0.707107, 0.707107, 1.0, -1.0, 0.0, 1.0, -0.707107, -0.707107, 1.0, -0.0, -1.0, 1.0, 0.707107, -0.707107, 1.0 ]
				}

			}
,
			"2" : 			{
				"id" : 2,
				"data" : 				{
					"hoa.recomposer" : [ 0.988672, -0.150092, 1.0, 0.926747, 0.375686, 1.0, 0.605077, 0.796167, 1.0, 0.113817, 0.993502, 1.0, -0.661679, -0.749788, 1.0, -0.186165, -0.982518, 1.0, 0.341526, -0.939872, 1.0, 0.773495, -0.633802, 1.0 ]
				}

			}
,
			"3" : 			{
				"id" : 3,
				"data" : 				{
					"hoa.recomposer" : [ -0.129214, 0.991617, 1.0, -0.266897, 0.963725, 1.0, -0.399313, 0.916815, 1.0, -0.523849, 0.851811, 1.0, -0.937693, 0.347466, 1.0, -0.977132, 0.212635, 1.0, -0.997287, 0.073609, 1.0, 0.011019, 0.999939, 1.0 ]
				}

			}
,
			"4" : 			{
				"id" : 4,
				"data" : 				{
					"hoa.recomposer" : [ 1.0, 0.0, 0.204257, 0.707107, 0.707107, 0.204257, 0.0, 1.0, 0.204257, -0.707107, 0.707107, 0.204257, -1.0, 0.0, 0.204257, -0.707107, -0.707107, 0.204257, 0.0, -1.0, 0.204257, 0.707107, -0.707107, 0.204257 ]
				}

			}
,
			"5" : 			{
				"id" : 5,
				"data" : 				{
					"hoa.recomposer" : [ 1.0, 0.0, 0.042597, 0.707107, 0.707107, 0.042597, 0.0, 1.0, 0.042597, -0.707107, 0.707107, 0.042597, -1.0, 0.0, 0.042597, -0.707107, -0.707107, 0.042597, 0.0, -1.0, 0.042597, 0.707107, -0.707107, 0.042597 ]
				}

			}
,
			"6" : 			{
				"id" : 6,
				"data" : 				{
					"hoa.recomposer" : [ 0.715908, -0.698195, 0.499324, 0.999922, 0.012525, 0.499324, 0.698195, 0.715908, 0.499324, -0.012525, 0.999922, 0.499324, -0.715908, 0.698195, 0.499324, -0.999922, -0.012525, 0.499324, -0.698195, -0.715908, 0.499324, 0.012525, -0.999922, 0.499324 ]
				}

			}

		}

	}

}
