{
	"pattrstorage" : 	{
		"name" : "john",
		"slots" : 		{
			"1" : 			{
				"id" : 1,
				"data" : 				{
					"Mappo" : [ "source", 0, 4.410175, 1.09365, 0.936, 0.016, 0.016, 1.0, "Salut ", "source", 1, -2.21171, 0.873634, 0.2, 0.2, 0.2, 1.0, "", "source", 2, 3.515135, -4.546363, 0.2, 0.2, 0.2, 1.0, "", "source", 3, -5.541903, -1.369961, 0.2, 0.2, 0.2, 1.0, "", "group", 0, 4, 0, 1, 2, 3, 0.936, 0.016, 0.016, 1.0, "", "group", 1, 2, 0, 3, 0.2, 0.2, 0.2, 1.0, "" ]
				}

			}
,
			"2" : 			{
				"id" : 2,
				"data" : 				{
					"Mappo" : [ "source", 0, 5.325431, -5.090908, 0.2, 0.2, 0.2, 1.0, "Salut ", "source", 1, -0.621909, 1.613982, 0.2, 0.2, 0.2, 1.0, "", "source", 2, -0.8986, -5.949395, 0.2, 0.2, 0.2, 1.0, "", "source", 3, -0.370974, -0.703825, 0.2, 0.2, 0.2, 1.0, "", "group", 0, 4, 0, 1, 2, 3, 0.2, 0.2, 0.2, 1.0, "", "group", 1, 2, 0, 3, 0.2, 0.2, 0.2, 1.0, "" ]
				}

			}

		}

	}

}
