{
	"pattrstorage" : 	{
		"name" : "jim",
		"slots" : 		{
			"1" : 			{
				"id" : 1,
				"data" : 				{
					"SpaceJim" : [ 1.0, 1.0, 1.0, 1.0, 1.0, 1.0, 1.0, 1.0, 1.0, 1.0, 1.0, 1.0, 1.0, 1.0, 1.0, 1.0 ],
					"recomp" : [ 1.0, 0.0, 1.0, 0.92388, 0.382683, 1.0, 0.707107, 0.707107, 1.0, 0.382684, 0.923879, 1.0, 0.0, 1.0, 1.0, -0.382683, 0.92388, 1.0, -0.707106, 0.707107, 1.0, -0.923879, 0.382684, 1.0, -1.0, -0.0, 1.0, -0.923879, -0.382684, 1.0, -0.707107, -0.707107, 1.0, -0.382683, -0.92388, 1.0, 0.0, -1.0, 1.0, 0.382683, -0.92388, 1.0, 0.707107, -0.707107, 1.0, 0.923879, -0.382684, 1.0 ],
					"u115002743" : [  ]
				}

			}
,
			"2" : 			{
				"id" : 2,
				"data" : 				{
					"SpaceJim" : [ 1.0, 1.0, 1.0, 1.0, 1.0, 1.0, 1.0, 1.0, 1.0, 1.0, 0.789496, 0.762255, 0.642182, 0.538096, 0.558859, 0.767103 ],
					"recomp" : [ 1.0, 0.0, 1.0, 0.92388, 0.382683, 1.0, 0.707107, 0.707107, 1.0, 0.382684, 0.923879, 1.0, 0.0, 1.0, 1.0, -0.382683, 0.92388, 1.0, -0.707106, 0.707107, 1.0, -0.923879, 0.382684, 1.0, -1.0, -0.0, 1.0, -0.923879, -0.382684, 1.0, -0.707107, -0.707107, 1.0, -0.382683, -0.92388, 1.0, 0.0, -1.0, 1.0, 0.382683, -0.92388, 1.0, 0.707107, -0.707107, 1.0, 0.923879, -0.382684, 1.0 ],
					"u115002743" : [  ]
				}

			}
,
			"3" : 			{
				"id" : 3,
				"data" : 				{
					"SpaceJim" : [ 1.0, 1.0, 1.0, 1.0, 1.0, 1.0, 1.0, 0.823162, 0.57496, 0.454875, 0.422659, 0.356099, 0.378934, 0.517817, 0.598862, 0.585493 ],
					"recomp" : [ 1.0, 0.0, 1.0, 0.92388, 0.382683, 1.0, 0.707107, 0.707107, 1.0, 0.382684, 0.923879, 1.0, 0.0, 1.0, 1.0, -0.382683, 0.92388, 1.0, -0.707106, 0.707107, 1.0, -0.923879, 0.382684, 1.0, -1.0, -0.0, 1.0, -0.923879, -0.382684, 1.0, -0.707107, -0.707107, 1.0, -0.382683, -0.92388, 1.0, 0.0, -1.0, 1.0, 0.382683, -0.92388, 1.0, 0.707107, -0.707107, 1.0, 0.923879, -0.382684, 1.0 ],
					"u115002743" : [  ]
				}

			}
,
			"4" : 			{
				"id" : 4,
				"data" : 				{
					"SpaceJim" : [ 1.0, 1.0, 1.0, 0.774811, 0.761571, 0.570043, 0.402254, 0.213739, 0.093919, 0.069763, 0.081951, 0.16304, 0.256332, 0.367828, 0.598862, 0.585493 ],
					"recomp" : [ 1.0, 0.0, 1.0, 0.92388, 0.382683, 1.0, 0.707107, 0.707107, 1.0, 0.382684, 0.923879, 1.0, 0.0, 1.0, 1.0, -0.382683, 0.92388, 1.0, -0.707106, 0.707107, 1.0, -0.923879, 0.382684, 1.0, -1.0, -0.0, 1.0, -0.923879, -0.382684, 1.0, -0.707107, -0.707107, 1.0, -0.382683, -0.92388, 1.0, 0.0, -1.0, 1.0, 0.382683, -0.92388, 1.0, 0.707107, -0.707107, 1.0, 0.923879, -0.382684, 1.0 ],
					"u115002743" : [  ]
				}

			}
,
			"5" : 			{
				"id" : 5,
				"data" : 				{
					"SpaceJim" : [ 0.410414, 1.0, 1.0, 0.774811, 0.761571, 0.546603, 0.281607, 0.083156, 0.0, 0.0, 0.0, 0.0, 0.0, 0.0, 0.0, 0.053031 ],
					"recomp" : [ 1.0, 0.0, 1.0, 0.92388, 0.382683, 1.0, 0.707107, 0.707107, 1.0, 0.382684, 0.923879, 1.0, 0.0, 1.0, 1.0, -0.382683, 0.92388, 1.0, -0.707106, 0.707107, 1.0, -0.923879, 0.382684, 1.0, -1.0, -0.0, 1.0, -0.923879, -0.382684, 1.0, -0.707107, -0.707107, 1.0, -0.382683, -0.92388, 1.0, 0.0, -1.0, 1.0, 0.382683, -0.92388, 1.0, 0.707107, -0.707107, 1.0, 0.923879, -0.382684, 1.0 ],
					"u115002743" : [  ]
				}

			}
,
			"6" : 			{
				"id" : 6,
				"data" : 				{
					"SpaceJim" : [ 0.646785, 0.614892, 0.46895, 0.774811, 0.761571, 0.546603, 0.50793, 0.383494, 0.373698, 0.379223, 0.492044, 0.567863, 0.46753, 0.45026, 0.511048, 0.612276 ],
					"recomp" : [ 1.0, 0.0, 1.0, 0.92388, 0.382683, 1.0, 0.707107, 0.707107, 1.0, 0.382684, 0.923879, 1.0, 0.0, 1.0, 1.0, -0.382683, 0.92388, 1.0, -0.707106, 0.707107, 1.0, -0.923879, 0.382684, 1.0, -1.0, -0.0, 1.0, -0.923879, -0.382684, 1.0, -0.707107, -0.707107, 1.0, -0.382683, -0.92388, 1.0, 0.0, -1.0, 1.0, 0.382683, -0.92388, 1.0, 0.707107, -0.707107, 1.0, 0.923879, -0.382684, 1.0 ],
					"u115002743" : [  ]
				}

			}
,
			"7" : 			{
				"id" : 7,
				"data" : 				{
					"SpaceJim" : [ 0.646785, 0.614892, 0.46895, 0.774811, 0.761571, 0.546603, 0.50793, 0.383494, 0.373698, 0.379223, 1.0, 1.0, 1.0, 0.625694, 0.511048, 0.612276 ],
					"recomp" : [ 1.0, 0.0, 1.0, 0.92388, 0.382683, 1.0, 0.707107, 0.707107, 1.0, 0.382684, 0.923879, 1.0, 0.0, 1.0, 1.0, -0.382683, 0.92388, 1.0, -0.707106, 0.707107, 1.0, -0.923879, 0.382684, 1.0, -1.0, -0.0, 1.0, -0.923879, -0.382684, 1.0, -0.707107, -0.707107, 1.0, -0.382683, -0.92388, 1.0, 0.0, -1.0, 1.0, 0.382683, -0.92388, 1.0, 0.707107, -0.707107, 1.0, 0.923879, -0.382684, 1.0 ],
					"u115002743" : [  ]
				}

			}
,
			"8" : 			{
				"id" : 8,
				"data" : 				{
					"SpaceJim" : [ 0.646785, 0.614892, 0.961255, 0.977272, 1.0, 1.0, 0.50793, 0.383494, 0.373698, 0.379223, 1.0, 1.0, 1.0, 0.625694, 0.511048, 0.612276 ],
					"recomp" : [ 1.0, 0.0, 1.0, 0.92388, 0.382683, 1.0, 0.707107, 0.707107, 1.0, 0.382684, 0.923879, 1.0, 0.0, 1.0, 1.0, -0.382683, 0.92388, 1.0, -0.707106, 0.707107, 1.0, -0.923879, 0.382684, 1.0, -1.0, -0.0, 1.0, -0.923879, -0.382684, 1.0, -0.707107, -0.707107, 1.0, -0.382683, -0.92388, 1.0, 0.0, -1.0, 1.0, 0.382683, -0.92388, 1.0, 0.707107, -0.707107, 1.0, 0.923879, -0.382684, 1.0 ],
					"u115002743" : [  ]
				}

			}
,
			"9" : 			{
				"id" : 9,
				"data" : 				{
					"SpaceJim" : [ 0.977831, 1.0, 0.987893, 0.504868, 0.383253, 0.373834, 0.394496, 1.0, 1.0, 0.990791, 0.622873, 0.513539, 0.613125, 0.646, 0.623414, 0.961649 ],
					"recomp" : [ 1.0, 0.0, 1.0, 0.92388, 0.382683, 1.0, 0.707107, 0.707107, 1.0, 0.382684, 0.923879, 1.0, 0.0, 1.0, 1.0, -0.382683, 0.92388, 1.0, -0.707106, 0.707107, 1.0, -0.923879, 0.382684, 1.0, -1.0, -0.0, 1.0, -0.923879, -0.382684, 1.0, -0.707107, -0.707107, 1.0, -0.382683, -0.92388, 1.0, 0.0, -1.0, 1.0, 0.382683, -0.92388, 1.0, 0.707107, -0.707107, 1.0, 0.923879, -0.382684, 1.0 ],
					"u115002743" : [  ]
				}

			}
,
			"10" : 			{
				"id" : 10,
				"data" : 				{
					"SpaceJim" : [ 0.94117, 0.493104, 0.382342, 0.375832, 0.453068, 1.0, 0.999109, 0.955202, 0.612297, 0.523172, 0.616305, 0.643815, 0.656132, 0.963214, 0.979976, 0.998829 ],
					"recomp" : [ 1.0, 0.0, 1.0, 0.92388, 0.382683, 1.0, 0.707107, 0.707107, 1.0, 0.382684, 0.923879, 1.0, 0.0, 1.0, 1.0, -0.382683, 0.92388, 1.0, -0.707106, 0.707107, 1.0, -0.923879, 0.382684, 1.0, -1.0, -0.0, 1.0, -0.923879, -0.382684, 1.0, -0.707107, -0.707107, 1.0, -0.382683, -0.92388, 1.0, 0.0, -1.0, 1.0, 0.382683, -0.92388, 1.0, 0.707107, -0.707107, 1.0, 0.923879, -0.382684, 1.0 ],
					"u115002743" : [  ]
				}

			}
,
			"11" : 			{
				"id" : 11,
				"data" : 				{
					"SpaceJim" : [ 1.0, 1.0, 1.0, 0.999806, 0.989545, 0.141948, 0.0, 0.0, 0.0, 0.0, 0.052188, 0.608847, 1.0, 0.986269, 1.0, 1.0 ],
					"recomp" : [ 1.0, 0.0, 1.0, 0.92388, 0.382683, 1.0, 0.707107, 0.707107, 1.0, 0.382684, 0.923879, 1.0, 0.0, 1.0, 1.0, -0.382683, 0.92388, 1.0, -0.707106, 0.707107, 1.0, -0.923879, 0.382684, 1.0, -1.0, -0.0, 1.0, -0.923879, -0.382684, 1.0, -0.707107, -0.707107, 1.0, -0.382683, -0.92388, 1.0, 0.0, -1.0, 1.0, 0.382683, -0.92388, 1.0, 0.707107, -0.707107, 1.0, 0.923879, -0.382684, 1.0 ],
					"u115002743" : [  ]
				}

			}
,
			"12" : 			{
				"id" : 12,
				"data" : 				{
					"SpaceJim" : [ 0.991805, 0.328676, 0.031272, 0.0, 0.0, 0.0, 0.040691, 0.486213, 0.913828, 0.989294, 0.996975, 1.0, 1.0, 1.0, 1.0, 0.999849 ],
					"recomp" : [ 1.0, 0.0, 1.0, 0.92388, 0.382683, 1.0, 0.707107, 0.707107, 1.0, 0.382684, 0.923879, 1.0, 0.0, 1.0, 1.0, -0.382683, 0.92388, 1.0, -0.707106, 0.707107, 1.0, -0.923879, 0.382684, 1.0, -1.0, -0.0, 1.0, -0.923879, -0.382684, 1.0, -0.707107, -0.707107, 1.0, -0.382683, -0.92388, 1.0, 0.0, -1.0, 1.0, 0.382683, -0.92388, 1.0, 0.707107, -0.707107, 1.0, 0.923879, -0.382684, 1.0 ],
					"u115002743" : [  ]
				}

			}
,
			"13" : 			{
				"id" : 13,
				"data" : 				{
					"SpaceJim" : [ 0.0, 0.0, 0.040671, 0.485998, 0.913621, 0.989258, 0.996971, 0.999999, 1.0, 1.0, 1.0, 0.999849, 0.991809, 0.328996, 0.031415, 0.000015 ],