{
	"pattrstorage" : 	{
		"name" : "fensrecomp",
		"slots" : 		{
			"1" : 			{
				"id" : 1,
				"data" : 				{
					"SpaceJim" : [ 0.729113, 0.735881, 0.952958, 0.952191, 0.912717, 0.614215, 0.643271, 0.641073, 0.816013, 0.850984 ],
					"recomp" : [ 1.0, 0.0, 1.0, 0.809017, 0.587785, 1.0, 0.309017, 0.951057, 1.0, -0.309017, 0.951057, 1.0, -0.809017, 0.587785, 1.0, -0.996045, 0.088849, 1.0, -0.809017, -0.587785, 1.0, -0.309017, -0.951057, 1.0, 0.309017, -0.951057, 1.0, 0.809017, -0.587785, 1.0 ]
				}

			}
,
			"2" : 			{
				"id" : 2,
				"data" : 				{
					"SpaceJim" : [ 0.729113, 0.735881, 0.952958, 0.952191, 0.912717, 0.614215, 0.643271, 0.641073, 0.816013, 0.850984 ],
					"recomp" : [ 0.999236, -0.039091, 1.0, 0.999294, -0.037576, 1.0, 0.99935, -0.036061, 1.0, 0.999403, -0.034546, 1.0, 0.999454, -0.033031, 1.0, 0.999496, -0.03173, 1.0, 0.99898, -0.04515, 1.0, 0.999048, -0.043635, 1.0, 0.999113, -0.042121, 1.0, 0.999175, -0.040606, 1.0 ]
				}

			}

		}

	}

}
