{
	"pattrstorage" : 	{
		"name" : "ps_cymbales",
		"slots" : 		{
			"1" : 			{
				"id" : 1,
				"data" : 				{
					"ps_recomposer" : [ 1.0, 0.0, 1.0, 0.92388, 0.382683, 1.0, 0.707107, 0.707107, 1.0, 0.382683, 0.92388, 1.0, 0.0, 1.0, 1.0, -0.382683, 0.92388, 1.0, -0.707107, 0.707107, 1.0, -0.92388, 0.382683, 1.0, -1.0, 0.0, 1.0, -0.92388, -0.382683, 1.0, -0.707107, -0.707107, 1.0, -0.382683, -0.92388, 1.0, -0.0, -1.0, 1.0, 0.382683, -0.92388, 1.0, 0.707107, -0.707107, 1.0, 0.92388, -0.382683, 1.0 ]
				}

			}
,
			"2" : 			{
				"id" : 2,
				"data" : 				{
					"ps_recomposer" : [ 0.988003, 0.154435, 1.0, 0.92388, 0.382683, 1.0, 0.817331, 0.576168, 1.0, 0.258653, 0.96597, 1.0, 0.0, 1.0, 1.0, -0.560827, 0.827933, 1.0, -0.707107, 0.707107, 1.0, -0.875059, 0.484017, 1.0, -0.991351, -0.131236, 1.0, -0.92388, -0.382683, 1.0, -0.776003, -0.630729, 1.0, -0.382683, -0.92388, 1.0, 0.090617, -0.995886, 1.0, 0.38144, -0.924394, 1.0, 0.810885, -0.585205, 1.0, 0.92388, -0.382683, 1.0 ]
				}

			}
,
			"3" : 			{
				"id" : 3,
				"data" : 				{
					"ps_recomposer" : [ 0.988003, 0.154435, 1.0, 0.761682, 0.647951, 1.0, 0.817331, 0.576168, 1.0, 0.258653, 0.96597, 1.0, -0.215626, 0.976476, 1.0, -0.560827, 0.827933, 1.0, -0.809958, 0.586488, 1.0, -0.968787, 0.247895, 1.0, -0.991351, -0.131236, 1.0, -0.962444, -0.271482, 1.0, -0.561711, -0.827334, 1.0, -0.382683, -0.92388, 1.0, 0.225717, -0.974193, 1.0, 0.548677, -0.836035, 1.0, 0.810885, -0.585205, 1.0, 0.984354, -0.1762, 1.0 ]
				}

			}
,
			"4" : 			{
				"id" : 4,
				"data" : 				{
					"ps_recomposer" : [ 0.920758, 0.390135, 1.0, 0.576231, 0.817287, 0.230766, 0.969259, 0.246042, 1.0, 0.175285, 0.984518, 1.0, 0.02937, 0.999569, 1.0, -0.779459, 0.626454, 1.0, -0.652659, 0.757652, 0.683043, -0.998379, 0.056917, 1.0, -0.875428, -0.483348, 1.0, -0.960261, 0.279104, 1.0, -0.498523, -0.866876, 1.0, -0.672673, -0.73994, 1.0, 0.421731, -0.906721, 1.0, 0.152977, -0.98823, 1.0, 0.810885, -0.585205, 0.626891, 0.896729, -0.44258, 1.0 ]
				}

			}
,
			"5" : 			{
				"id" : 5,
				"data" : 				{
					"ps_recomposer" : [ 0.920758, 0.390135, 1.0, 0.803243, 0.595651, 0.394824, 0.857938, -0.513754, 1.0, 0.435682, 0.900101, 1.0, 0.02937, 0.999569, 1.0, -0.779459, 0.626454, 1.0, -0.291682, 0.956515, 1.0, -0.990443, -0.137922, 0.317166, -0.79172, -0.610884, 1.0, -0.568787, 0.822485, 1.0, -0.287612, -0.957747, 1.0, -0.979656, 0.200686, 0.066781, 0.507857, -0.861441, 0.373438, -0.56701, -0.823711, 1.0, 0.777064, -0.629422, 1.0, 0.272231, -0.962232, 1.0 ]
				}

			}
,
			"6" : 			{
				"id" : 6,
				"data" : 				{
					"ps_recomposer" : [ 0.549523, 0.835478, 1.0, 0.803243, 0.595651, 1.0, 0.95671, -0.291042, 0.312428, 0.707578, -0.706635, 0.356072, 0.219762, 0.975553, 1.0, -0.779459, 0.626454, 1.0, -0.593395, 0.804911, 1.0, -0.04256, -0.999094, 1.0, -0.79172, -0.610884, 1.0, -0.02937, 0.999569, 1.0, -0.964787, -0.263032, 1.0, -0.439, 0.898487, 1.0, 0.993037, 0.117801, 0.584589, -0.56701, -0.823711, 1.0, 0.171086, -0.985256, 1.0, -0.979859, 0.199692, 1.0 ]
				}

			}
,
			"7" : 			{
				"id" : 7,
				"data" : 				{
					"ps_recomposer" : [ 0.549523, 0.835478, 0.406238, 0.803243, 0.595651, 0.363163, 0.950891, -0.309525, 0.339605, 0.585249, -0.810854, 0.449894, 0.219762, 0.975553, 1.0, -0.779459, 0.626454, 1.0, -0.593395, 0.804911, 1.0, -0.04256, -0.999094, 1.0, -0.79172, -0.610884, 1.0, -0.02937, 0.999569, 1.0, -0.964787, -0.263032, 1.0, -0.439, 0.898487, 1.0, 0.993037, 0.117801, 0.381546, -0.56701, -0.823711, 1.0, 0.171086, -0.985256, 1.0, -0.979859, 0.199692, 1.0 ]
				}

			}
,
			"8" : 			{
				"id" : 8,
				"data" : 				{
					"ps_recomposer" : [ 0.549523, 0.835478, 1.0, 0.803243, 0.595651, 1.0, 0.829427, -0.558615, 1.0, 0.707578, -0.706635, 1.0, -0.678359, -0.73473, 0.034412, -0.982916, 0.184056, 0.291728, -0.992648, -0.121034, 0.387833, 0.451346, -0.892349, 1.0, 0.074628, -0.997211, 1.0, 0.97039, -0.241543, 1.0, -0.906984, -0.421164, 0.439818, -0.361208, 0.932485, 0.083149, 0.953155, 0.302481, 1.0, -0.82337, 0.567505, 0.325433, -0.347314, -0.937749, 0.279155, 0.210641, 0.977564, 1.0 ]
				}

			}
,
			"9" : 			{
				"id" : 9,
				"data" : 				{
					"ps_recomposer" : [ 0.549523, 0.835478, 0.565131, 0.803243, 0.595651, 1.0, 0.829427, -0.558615, 0.493447, 0.707578, -0.706635, 1.0, -0.678359, -0.73473, 1.0, -0.982916, 0.184056, 1.0, -0.992648, -0.121034, 1.0, 0.451346, -0.892349, 1.0, 0.074628, -0.997211, 1.0, 0.97039, -0.241543, 1.0, -0.906984, -0.421164, 0.592729, -0.361208, 0.932485, 0.628603, 0.953155, 0.302481, 1.0, -0.82337, 0.567505, 1.0, -0.347314, -0.937749, 0.565897, 0.210641, 0.977564, 1.0 ]
				}

			}
,
			"10" : 			{
				"id" : 10,
				"data" : 				{
					"ps_recomposer" : [ 0.549523, 0.835478, 0.533346, 0.803243, 0.595651, 1.0, 0.829427, -0.558615, 0.493447, 0.707578, -0.706635, 1.0, -0.678359, -0.73473, 1.0, -0.982916, 0.184056, 0.052145, -0.992648, -0.121034, 1.0, 0.451346, -0.892349, 1.0, 0.074628, -0.997211, 0.022275, 0.97039, -0.241543, 1.0, -0.906984, -0.421164, 0.592729, -0.361208, 0.932485, 0.628603, 0.953155, 0.302481, 0.126277, -0.82337, 0.567505, 1.0, -0.347314, -0.937749, 0.565897, 0.210641, 0.977564, 1.0 ]
				}

			}

		}

	}

}
