{
	"pattrstorage" : 	{
		"name" : "ps_vibraphone",
		"slots" : 		{
			"1" : 			{
				"id" : 1,
				"data" : 				{
					"ps_size" : [ 400.0 ],
					"sp_space" : [ 1.0, 0.334979, 1.0, 1.0, 0.256288, 0.364583, 1.0, 0.645134, 1.0, 1.0, 1.0, 0.103005, 0.0, 1.0, 1.0, 0.952453 ]
				}

			}
,
			"2" : 			{
				"id" : 2,
				"data" : 				{
					"ps_size" : [ 91.0 ],
					"sp_space" : [ 1.0, 0.055975, 1.0, 0.973901, 1.0, 0.364583, 0.973057, 1.0, 1.0, 0.039717, 0.22046, 1.0, 1.0, 0.0, 0.0, 0.847341 ]
				}

			}
,
			"3" : 			{
				"id" : 3,
				"data" : 				{
					"ps_size" : [ 51.0 ],
					"sp_space" : [ 0.0, 1.0, 0.912984, 1.0, 0.0, 0.434182, 1.0, 0.0, 0.0, 1.0, 1.0, 0.0, 0.0, 1.0, 0.62618, 0.0 ]
				}

			}
,
			"4" : 			{
				"id" : 4,
				"data" : 				{
					"ps_size" : [ 23.0 ],
					"sp_space" : [ 0.0, 0.0, 0.0, 0.065737, 0.536722, 1.0, 1.0, 1.0, 1.0, 1.0, 1.0, 1.0, 1.0, 0.031121, 0.0, 0.0 ]
				}

			}

		}

	}

}
