{
	"pattrstorage" : 	{
		"name" : "testRecomposer",
		"slots" : 		{
			"1" : 			{
				"id" : 1,
				"data" : 				{
					"hoa.recomposer" : [ 1.0, 0.0, 0.5, 0.707107, 0.707107, 0.5, 0.0, 1.0, 0.5, -0.707107, 0.707107, 0.5, -1.0, 0.0, 0.5, -0.707107, -0.707107, 0.5, -0.0, -1.0, 0.5, 0.707107, -0.707107, 0.5 ]
				}

			}
,
			"2" : 			{
				"id" : 2,
				"data" : 				{
					"hoa.recomposer" : [ 1.0, 0.0, 1.0, 0.707107, 0.707107, 1.0, 0.0, 1.0, 1.0, -0.707107, 0.707107, 1.0, -1.0, 0.0, 1.0, -0.707107, -0.707107, 1.0, -0.0, -1.0, 1.0, 0.707107, -0.707107, 1.0 ]
				}

			}
,
			"3" : 			{
				"id" : 3,
				"data" : 				{
					"hoa.recomposer" : [ -0.93839, 0.345579, 0.505, -0.907903, -0.419181, 0.505, -0.345579, -0.93839, 0.505, 0.419181, -0.907903, 0.505, 0.93839, -0.345579, 0.505, 0.907903, 0.419181, 0.505, 0.345579, 0.93839, 0.505, -0.419181, 0.907903, 0.505 ]
				}

			}
,
			"4" : 			{
				"id" : 4,
				"data" : 				{
					"hoa.recomposer" : [ -0.999969, -0.007853, 0.505, -0.999969, -0.007853, 0.505, -0.999969, -0.007853, 0.505, -0.999969, -0.007853, 0.505, -0.999969, -0.007853, 0.505, -0.999969, -0.007853, 0.505, -0.999969, -0.007853, 0.505, -0.999969, -0.007853, 0.505 ]
				}

			}
,
			"5" : 			{
				"id" : 5,
				"data" : 				{
					"hoa.recomposer" : [ 0.161734, 0.986834, 0.505, 0.21177, -0.97732, 0.505, 0.571632, -0.82051, 0.505, 0.843412, -0.537268, 0.505, 0.98523, -0.171237, 0.505, 0.975233, 0.221179, 0.505, 0.814963, 0.579513, 0.505, 0.529114, 0.848551, 0.505 ]
				}

			}
,
			"6" : 			{
				"id" : 6,
				"data" : 				{
					"hoa.recomposer" : [ -0.657941, 0.75307, 0.505, -0.352092, -0.935965, 0.505, -0.127643, -0.99182, 0.505, 0.103635, -0.994615, 0.505, 0.329369, -0.944201, 0.505, 0.537483, -0.843275, 0.505, -0.251716, 0.967801, 0.505, -0.467329, 0.884084, 0.505 ]
				}

			}
,
			"7" : 			{
				"id" : 7,
				"data" : 				{
					"hoa.recomposer" : [ 0.50774, 0.861511, 0.505, 0.910938, -0.412544, 0.505, 0.941129, -0.338048, 0.505, 0.965239, -0.261369, 0.505, 0.983113, -0.183001, 0.505, 0.994635, -0.103451, 0.505, 0.639128, 0.769101, 0.505, 0.575292, 0.817948, 0.505 ]
				}

			}
,
			"8" : 			{
				"id" : 8,
				"data" : 				{
					"hoa.recomposer" : [ -0.95264, -0.304101, 0.505, -0.9417, -0.336455, 0.505, -0.941508, -0.336992, 0.505, -0.941315, -0.337528, 0.505, -0.941123, -0.338064, 0.505, -0.94093, -0.338601, 0.505, -0.952986, -0.303015, 0.505, -0.952813, -0.303558, 0.505 ]
				}

			}
,
			"9" : 			{
				"id" : 9,
				"data" : 				{
					"hoa.recomposer" : [ 1.0, 0.0, 0.5, 0.707107, 0.707107, 0.5, 0.0, 1.0, 0.5, -0.707107, 0.707107, 0.5, -1.0, 0.0, 0.5, -0.707107, -0.707107, 0.5, -0.0, -1.0, 0.5, 0.707107, -0.707107, 0.5 ]
				}

			}
,
			"10" : 			{
				"id" : 10,
				"data" : 				{
					"hoa.recomposer" : [ 0.986717, 0.162448, 0.5, 0.822972, 0.568081, 0.5, 0.501751, 0.865012, 0.5, 0.084519, 0.996422, 0.5, -0.348886, 0.937165, 0.5, 0.399491, -0.916737, 0.5, 0.752575, -0.658507, 0.5, 0.961653, -0.27427, 0.5 ]
				}

			}
,
			"11" : 			{
				"id" : 11,
				"data" : 				{
					"hoa.recomposer" : [ 0.60541, -0.795914, 0.5, 0.814996, -0.579467, 0.5, 0.9506, -0.310419, 0.5, 0.999913, -0.013193, 0.5, 0.958459, 0.285231, 0.5, -0.25422, -0.967146, 0.5, 0.045384, -0.99897, 0.5, 0.340868, -0.940111, 0.5 ]
				}

			}
,
			"12" : 			{
				"id" : 12,
				"data" : 				{
					"hoa.recomposer" : [ -0.011833, -0.99993, 0.5, 0.103665, -0.994612, 0.5, 0.217777, -0.975999, 0.5, 0.328978, -0.944338, 0.5, 0.435781, -0.900053, 0.5, -0.351234, -0.936288, 0.5, -0.240813, -0.970571, 0.5, -0.127173, -0.99188, 0.5 ]
				}

			}
,
			"13" : 			{
				"id" : 13,
				"data" : 				{
					"hoa.recomposer" : [ -0.999986, -0.005263, 0.5, -0.999986, -0.005263, 0.5, -0.999986, -0.005263, 0.5, -0.999986, -0.005263, 0.5, -0.999986, -0.005263, 0.5, -0.999986, -0.005263, 0.5, -0.999986, -0.005263, 0.5, -0.999986, -0.005263, 0.5 ]
				}

			}
,
			"14" : 			{
				"id" : 14,
				"data" : 				{
					"hoa.recomposer" : [ 1.0, 0.0, 0.5, 0.707107, 0.707107, 0.5, 0.0, 1.0, 0.5, -0.707107, 0.707107, 0.5, -1.0, 0.0, 0.5, -0.707107, -0.707107, 0.5, -0.0, -1.0, 0.5, 0.707107, -0.707107, 0.5 ]
				}

			}
,
			"15" : 			{
				"id" : 15,
				"data" : 				{
					"hoa.recomposer" : [ 1.0, 0.0, 1.0, 0.707107, 0.707107, 1.0, 0.0, 1.0, 1.0, -0.707107, 0.707107, 1.0, -1.0, 0.0, 1.0, -0.707107, -0.707107, 1.0, -0.0, -1.0, 1.0, 0.707107, -0.707107, 1.0 ]
				}

			}
,
			"16" : 			{
				"id" : 16,
				"data" : 				{
					"hoa.recomposer" : [ 1.0, 0.0, 1.0, 0.973519, 0.228606, 0.138182, 0.0, 1.0, 1.0, -0.228606, 0.973519, 0.138182, -1.0, 0.0, 1.0, -0.973519, -0.228606, 0.138182, -0.0, -1.0, 1.0, 0.228606, -0.973519, 0.138182 ]
				}

			}
,
			"17" : 			{
				"id" : 17,
				"data" : 				{
					"hoa.recomposer" : [ 1.0, 0.0, 1.0, 0.707107, -0.707107, 0.288461, 0.0, 1.0, 1.0, 0.707107, 0.707107, 0.288461, -1.0, 0.0, 1.0, -0.707107, 0.707107, 0.288461, -0.0, -1.0, 1.0, -0.707107, -0.707107, 0.288461 ]
				}

			}
,
			"18" : 			{
				"id" : 18,
				"data" : 				{
					"hoa.recomposer" : [ 0.998282, -0.058597, 1.0, 0.984157, -0.177301, 1.0, 0.983737, 0.179615, 1.0, 0.998141, 0.060945, 1.0, 0.913162, 0.407597, 1.0, 0.955275, 0.295719, 1.0, 0.955968, -0.293472, 1.0, 0.914118, -0.405448, 1.0 ]
				}

			}
,
			"20" : 			{
				"id" : 20,
				"data" : 				{
					"hoa.recomposer" : [ 0.357647, 0.933857, 1.0, 0.357647, 0.933857, 0.288461, 0.150479, 0.988613, 1.0, 0.209189, 0.977875, 0.288461, 0.357647, 0.933857, 1.0, 0.119985, 0.992776, 0.288461, -1.0, 0.0, 1.0, 0.118508, 0.992953, 0.288461 ]
				}

			}
,
			"21" : 			{
				"id" : 21,
				"data" : 				{
					"hoa.recomposer" : [ 0.357647, 0.933857, 1.0, 0.357647, 0.933857, 0.288461, 0.150479, 0.988613, 1.0, 0.209189, 0.977875, 0.288461, 0.357647, 0.933857, 1.0, 0.119985, 0.992776, 0.288461, 1.0, 0.0, 1.0, 0.118508, 0.992953, 0.288461 ]
				}

			}

		}

	}

}
