{
	"pattrstorage" : 	{
		"name" : "fensrecomp",
		"slots" : 		{
			"1" : 			{
				"id" : 1,
				"data" : 				{
					"recomp" : [ 0.953875, -0.300204, 1.0, 0.948157, 0.317803, 1.0, 0.580275, 0.814421, 1.0, -0.009252, 0.999957, 1.0, -0.595245, 0.803544, 1.0, -0.953875, 0.300204, 1.0, -0.948157, -0.317803, 1.0, -0.580275, -0.814421, 1.0, 0.009252, -0.999957, 1.0, 0.595245, -0.803544, 1.0 ]
				}

			}
,
			"2" : 			{
				"id" : 2,
				"data" : 				{
					"recomp" : [ 0.999236, -0.039091, 1.0, 0.999294, -0.037576, 1.0, 0.99935, -0.036061, 1.0, 0.999403, -0.034546, 1.0, 0.999454, -0.033031, 1.0, 0.999496, -0.03173, 1.0, 0.99898, -0.04515, 1.0, 0.999048, -0.043635, 1.0, 0.999113, -0.042121, 1.0, 0.999175, -0.040606, 1.0 ]
				}

			}

		}

	}

}
